row_id,rule_violation
2029,0.010683760683760684
2030,0.25
2031,1.0
2032,0.9847161572052402
2033,1.0
2034,0.004784688995215311
2035,0.9847161572052402
2036,0.019736842105263157
2037,0.004784688995215311
2038,1.0
